{
	"info": {
		"_postman_id": "84dff2e5-8e55-4404-bc2f-0962fedba67d",
		"name": "SIPP",
		"schema": "https://schema.getpostman.com/json/collection/v2.1.0/collection.json"
	},
	"item": [
		{
			"name": "User",
			"item": [
				{
					"name": "Add User",
					"request": {
						"auth": {
							"type": "bearer",
							"bearer": [
								{
									"key": "token",
									"value": "{{token}}",
									"type": "string"
								}
							]
						},
						"method": "POST",
						"header": [
							{
								"key": "Content-Type",
								"name": "Content-Type",
								"type": "text",
								"value": "application/json"
							}
						],
						"body": {
							"mode": "raw",
							"raw": "{\n\t\"username\":\"rian\",\n\t\"fullname\":\"Rian\",\n\t\"password\":\"qq\",\n\t\"place_id\":\"1\",\n\t\"role_id\":\"1\"\n}"
						},
						"url": {
							"raw": "{{server}}/user",
							"host": [
								"{{server}}"
							],
							"path": [
								"user"
							]
						}
					},
					"response": []
				},
				{
					"name": "Get All User",
					"request": {
						"auth": {
							"type": "bearer",
							"bearer": [
								{
									"key": "token",
									"value": "{{token}}",
									"type": "string"
								}
							]
						},
						"method": "GET",
						"header": [],
						"body": {
							"mode": "raw",
							"raw": ""
						},
						"url": {
							"raw": "{{server}}/user",
							"host": [
								"{{server}}"
							],
							"path": [
								"user"
							]
						}
					},
					"response": []
				},
				{
					"name": "Get User Detail",
					"protocolProfileBehavior": {
						"disableBodyPruning": true
					},
					"request": {
						"auth": {
							"type": "bearer",
							"bearer": [
								{
									"key": "token",
									"value": "{{token}}",
									"type": "string"
								}
							]
						},
						"method": "GET",
						"header": [
							{
								"key": "Content-Type",
								"name": "Content-Type",
								"value": "application/json",
								"type": "text"
							}
						],
						"body": {},
						"url": {
							"raw": "{{server}}/user/1",
							"host": [
								"{{server}}"
							],
							"path": [
								"user",
								"1"
							]
						}
					},
					"response": []
				},
				{
					"name": "Update User",
					"request": {
						"auth": {
							"type": "bearer",
							"bearer": [
								{
									"key": "token",
									"value": "{{token}}",
									"type": "string"
								}
							]
						},
						"method": "PUT",
						"header": [
							{
								"key": "Content-Type",
								"name": "Content-Type",
								"value": "application/json",
								"type": "text"
							}
						],
						"body": {
							"mode": "raw",
							"raw": "{\n\t\"user_id\":1,\n\t\"username\":\"rian\",\n\t\"fullname\":\"Rian\",\n\t\"password\":\"qq\",\n\t\"place_id\":\"1\",\n\t\"role_id\":\"1\"\n}"
						},
						"url": {
							"raw": "{{server}}/user",
							"host": [
								"{{server}}"
							],
							"path": [
								"user"
							]
						}
					},
					"response": []
				},
				{
					"name": "Delete User",
					"request": {
						"auth": {
							"type": "bearer",
							"bearer": [
								{
									"key": "token",
									"value": "{{token}}",
									"type": "string"
								}
							]
						},
						"method": "DELETE",
						"header": [
							{
								"key": "Content-Type",
								"name": "Content-Type",
								"value": "application/json",
								"type": "text"
							}
						],
						"body": {
							"mode": "raw",
							"raw": "{\n\t\"user_id\":1\n}"
						},
						"url": {
							"raw": "{{server}}/user",
							"host": [
								"{{server}}"
							],
							"path": [
								"user"
							]
						}
					},
					"response": []
				}
			]
		},
		{
			"name": "Place",
			"item": [
				{
					"name": "Add Place",
					"request": {
						"auth": {
							"type": "bearer",
							"bearer": [
								{
									"key": "token",
									"value": "{{token}}",
									"type": "string"
								}
							]
						},
						"method": "POST",
						"header": [
							{
								"key": "Content-Type",
								"name": "Content-Type",
								"type": "text",
								"value": "application/json"
							}
						],
						"body": {
							"mode": "raw",
							"raw": "{\n\t\"code\":\"P002\",\n\t\"name\":\"Semarang\"\n}"
						},
						"url": {
							"raw": "{{server}}/place",
							"host": [
								"{{server}}"
							],
							"path": [
								"place"
							]
						}
					},
					"response": []
				},
				{
					"name": "Get All Place",
					"protocolProfileBehavior": {
						"disableBodyPruning": true
					},
					"request": {
						"auth": {
							"type": "bearer",
							"bearer": [
								{
									"key": "token",
									"value": "{{token}}",
									"type": "string"
								}
							]
						},
						"method": "GET",
						"header": [],
						"body": {
							"mode": "raw",
							"raw": ""
						},
						"url": {
							"raw": "{{server}}/place",
							"host": [
								"{{server}}"
							],
							"path": [
								"place"
							]
						}
					},
					"response": []
				},
				{
					"name": "Get Place Detail",
					"protocolProfileBehavior": {
						"disableBodyPruning": true
					},
					"request": {
						"auth": {
							"type": "bearer",
							"bearer": [
								{
									"key": "token",
									"value": "{{token}}",
									"type": "string"
								}
							]
						},
						"method": "GET",
						"header": [
							{
								"key": "Content-Type",
								"name": "Content-Type",
								"type": "text",
								"value": "application/json"
							}
						],
						"body": {},
						"url": {
							"raw": "{{server}}/place/1",
							"host": [
								"{{server}}"
							],
							"path": [
								"place",
								"1"
							]
						}
					},
					"response": []
				},
				{
					"name": "Update Place",
					"request": {
						"auth": {
							"type": "bearer",
							"bearer": [
								{
									"key": "token",
									"value": "{{token}}",
									"type": "string"
								}
							]
						},
						"method": "PUT",
						"header": [
							{
								"key": "Content-Type",
								"name": "Content-Type",
								"type": "text",
								"value": "application/json"
							}
						],
						"body": {
							"mode": "raw",
							"raw": "{\n\t\"place_id\":1,\n\t\"code\":\"P002\",\n\t\"name\":\"Semarang\"\n}"
						},
						"url": {
							"raw": "{{server}}/place",
							"host": [
								"{{server}}"
							],
							"path": [
								"place"
							]
						}
					},
					"response": []
				},
				{
					"name": "Delete Place",
					"request": {
						"auth": {
							"type": "bearer",
							"bearer": [
								{
									"key": "token",
									"value": "{{token}}",
									"type": "string"
								}
							]
						},
						"method": "DELETE",
						"header": [
							{
								"key": "Content-Type",
								"name": "Content-Type",
								"type": "text",
								"value": "application/json"
							}
						],
						"body": {
							"mode": "raw",
							"raw": "{\n\t\"place_id\":1\n}"
						},
						"url": {
							"raw": "{{server}}/place",
							"host": [
								"{{server}}"
							],
							"path": [
								"place"
							]
						}
					},
					"response": []
				}
			]
		},
		{
			"name": "Role",
			"item": [
				{
					"name": "Add Role",
					"request": {
						"auth": {
							"type": "bearer",
							"bearer": [
								{
									"key": "token",
									"value": "{{token}}",
									"type": "string"
								}
							]
						},
						"method": "POST",
						"header": [
							{
								"key": "Content-Type",
								"name": "Content-Type",
								"type": "text",
								"value": "application/json"
							}
						],
						"body": {
							"mode": "raw",
							"raw": "{\n\t\"role\": \"Admin\",\n\t\"menu\": \"aa\"\n}"
						},
						"url": {
							"raw": "{{server}}/role",
							"host": [
								"{{server}}"
							],
							"path": [
								"role"
							]
						}
					},
					"response": []
				},
				{
					"name": "Get All Role",
					"protocolProfileBehavior": {
						"disableBodyPruning": true
					},
					"request": {
						"auth": {
							"type": "bearer",
							"bearer": [
								{
									"key": "token",
									"value": "{{token}}",
									"type": "string"
								}
							]
						},
						"method": "GET",
						"header": [],
						"body": {
							"mode": "raw",
							"raw": ""
						},
						"url": {
							"raw": "{{server}}/role",
							"host": [
								"{{server}}"
							],
							"path": [
								"role"
							]
						}
					},
					"response": []
				},
				{
					"name": "Get Role Detail",
					"protocolProfileBehavior": {
						"disableBodyPruning": true
					},
					"request": {
						"auth": {
							"type": "bearer",
							"bearer": [
								{
									"key": "token",
									"value": "{{token}}",
									"type": "string"
								}
							]
						},
						"method": "GET",
						"header": [
							{
								"key": "Content-Type",
								"name": "Content-Type",
								"type": "text",
								"value": "application/json"
							}
						],
						"body": {},
						"url": {
							"raw": "{{server}}/role/1",
							"host": [
								"{{server}}"
							],
							"path": [
								"role",
								"1"
							]
						}
					},
					"response": []
				},
				{
					"name": "Update Role",
					"request": {
						"auth": {
							"type": "bearer",
							"bearer": [
								{
									"key": "token",
									"value": "{{token}}",
									"type": "string"
								}
							]
						},
						"method": "PUT",
						"header": [
							{
								"key": "Content-Type",
								"name": "Content-Type",
								"type": "text",
								"value": "application/json"
							}
						],
						"body": {
							"mode": "raw",
							"raw": "{\n\t\"role_id\": 1,\n\t\"role\": \"Admin\",\n\t\"menu\": \"aa\"\n}"
						},
						"url": {
							"raw": "{{server}}/role",
							"host": [
								"{{server}}"
							],
							"path": [
								"role"
							]
						}
					},
					"response": []
				},
				{
					"name": "Delete Role",
					"request": {
						"auth": {
							"type": "bearer",
							"bearer": [
								{
									"key": "token",
									"value": "{{token}}",
									"type": "string"
								}
							]
						},
						"method": "DELETE",
						"header": [
							{
								"key": "Content-Type",
								"name": "Content-Type",
								"type": "text",
								"value": "application/json"
							}
						],
						"body": {
							"mode": "raw",
							"raw": "{\n\t\"role_id\":1\n}"
						},
						"url": {
							"raw": "{{server}}/role",
							"host": [
								"{{server}}"
							],
							"path": [
								"role"
							]
						}
					},
					"response": []
				}
			]
		},
		{
			"name": "Auth",
			"item": [
				{
					"name": "Login",
					"event": [
						{
							"listen": "test",
							"script": {
								"id": "314550b5-8ec9-4f1a-8e78-5a50a7cf4e88",
								"exec": [
									"var d = JSON.parse(responseBody);",
									"postman.setEnvironmentVariable(\"token\", d.data.token);"
								],
								"type": "text/javascript"
							}
						}
					],
					"request": {
						"method": "POST",
						"header": [
							{
								"key": "Content-Type",
								"name": "Content-Type",
								"value": "application/json",
								"type": "text"
							}
						],
						"body": {
							"mode": "raw",
							"raw": "{\n\t\"username\":\"rian\",\n\t\"password\":\"qq\"\n}"
						},
						"url": {
							"raw": "{{server}}/auth/login",
							"host": [
								"{{server}}"
							],
							"path": [
								"auth",
								"login"
							]
						}
					},
					"response": []
				}
			]
		},
		{
			"name": "Laporan",
			"item": [
				{
					"name": "Get All Pemasukan",
					"protocolProfileBehavior": {
						"disableBodyPruning": true
					},
					"request": {
						"auth": {
							"type": "bearer",
							"bearer": [
								{
									"key": "token",
									"value": "{{token}}",
									"type": "string"
								}
							]
						},
						"method": "GET",
						"header": [
							{
								"key": "Content-Type",
								"name": "Content-Type",
								"value": "application/json",
								"type": "text"
							}
						],
						"body": {
							"mode": "raw",
							"raw": "{\n\t\"barang_type_id\": 1,\n\t\"date_from\": \"2019-06-23 02:37:42\",\n\t\"date_to\": \"2019-06-26\"\n}"
						},
						"url": {
							"raw": "{{server}}/laporan/pemasukan",
							"host": [
								"{{server}}"
							],
							"path": [
								"laporan",
								"pemasukan"
							]
						}
					},
					"response": []
				},
				{
					"name": "Export All Pemasukan",
					"protocolProfileBehavior": {
						"disableBodyPruning": true
					},
					"request": {
						"auth": {
							"type": "bearer",
							"bearer": [
								{
									"key": "token",
									"value": "{{token}}",
									"type": "string"
								}
							]
						},
						"method": "GET",
						"header": [
							{
								"key": "Content-Type",
								"name": "Content-Type",
								"type": "text",
								"value": "application/json"
							}
						],
						"body": {
							"mode": "raw",
							"raw": "{\n\t\"barang_type_id\": 1,\n\t\"date_from\": \"2019-06-23 02:37:42\",\n\t\"date_to\": \"2019-06-26\"\n}"
						},
						"url": {
							"raw": "{{server}}/laporan/pemasukan/excel",
							"host": [
								"{{server}}"
							],
							"path": [
								"laporan",
								"pemasukan",
								"excel"
							]
						}
					},
					"response": []
				},
				{
					"name": "Get All Retur",
					"protocolProfileBehavior": {
						"disableBodyPruning": true
					},
					"request": {
						"auth": {
							"type": "bearer",
							"bearer": [
								{
									"key": "token",
									"value": "{{token}}",
									"type": "string"
								}
							]
						},
						"method": "GET",
						"header": [
							{
								"key": "Content-Type",
								"name": "Content-Type",
								"type": "text",
								"value": "application/json"
							}
						],
						"body": {
							"mode": "raw",
							"raw": "{\n\t\"barang_type_id\": 1,\n\t\"date_from\": \"2019-06-23 02:37:42\",\n\t\"date_to\": \"2019-06-26\"\n}"
						},
						"url": {
							"raw": "{{server}}/laporan/retur",
							"host": [
								"{{server}}"
							],
							"path": [
								"laporan",
								"retur"
							]
						}
					},
					"response": []
				},
				{
					"name": "Export All Retur",
					"protocolProfileBehavior": {
						"disableBodyPruning": true
					},
					"request": {
						"auth": {
							"type": "bearer",
							"bearer": [
								{
									"key": "token",
									"value": "{{token}}",
									"type": "string"
								}
							]
						},
						"method": "GET",
						"header": [
							{
								"key": "Content-Type",
								"name": "Content-Type",
								"type": "text",
								"value": "application/json"
							}
						],
						"body": {
							"mode": "raw",
							"raw": "{\n\t\"barang_type_id\": 1,\n\t\"date_from\": \"2019-06-23 02:37:42\",\n\t\"date_to\": \"2019-06-26\"\n}"
						},
						"url": {
							"raw": "{{server}}/laporan/retur/excel",
							"host": [
								"{{server}}"
							],
							"path": [
								"laporan",
								"retur",
								"excel"
							]
						}
					},
					"response": []
				},
				{
					"name": "Get All Penjualan",
					"protocolProfileBehavior": {
						"disableBodyPruning": true
					},
					"request": {
						"auth": {
							"type": "bearer",
							"bearer": [
								{
									"key": "token",
									"value": "{{token}}",
									"type": "string"
								}
							]
						},
						"method": "GET",
						"header": [
							{
								"key": "Content-Type",
								"name": "Content-Type",
								"type": "text",
								"value": "application/json"
							}
						],
						"body": {
							"mode": "raw",
							"raw": "{\n\t\"barang_type_id\": 1,\n\t\"date_from\": \"2019-06-23 02:37:42\",\n\t\"date_to\": \"2019-06-26\"\n}"
						},
						"url": {
							"raw": "{{server}}/laporan/penjualan",
							"host": [
								"{{server}}"
							],
							"path": [
								"laporan",
								"penjualan"
							]
						}
					},
					"response": []
				},
				{
					"name": "Export All Penjualan",
					"protocolProfileBehavior": {
						"disableBodyPruning": true
					},
					"request": {
						"auth": {
							"type": "bearer",
							"bearer": [
								{
									"key": "token",
									"value": "{{token}}",
									"type": "string"
								}
							]
						},
						"method": "GET",
						"header": [
							{
								"key": "Content-Type",
								"name": "Content-Type",
								"type": "text",
								"value": "application/json"
							}
						],
						"body": {
							"mode": "raw",
							"raw": "{\n\t\"barang_type_id\": 1,\n\t\"date_from\": \"2019-06-23 02:37:42\",\n\t\"date_to\": \"2019-06-26\"\n}"
						},
						"url": {
							"raw": "{{server}}/laporan/penjualan/excel",
							"host": [
								"{{server}}"
							],
							"path": [
								"laporan",
								"penjualan",
								"excel"
							]
						}
					},
					"response": []
				},
				{
					"name": "Get All Penyusutan",
					"protocolProfileBehavior": {
						"disableBodyPruning": true
					},
					"request": {
						"auth": {
							"type": "bearer",
							"bearer": [
								{
									"key": "token",
									"value": "{{token}}",
									"type": "string"
								}
							]
						},
						"method": "GET",
						"header": [
							{
								"key": "Content-Type",
								"name": "Content-Type",
								"type": "text",
								"value": "application/json"
							}
						],
						"body": {
							"mode": "raw",
							"raw": "{\n\t\"barang_type_id\": 1,\n\t\"date_from\": \"2019-06-23 02:37:42\",\n\t\"date_to\": \"2019-06-26\"\n}"
						},
						"url": {
							"raw": "{{server}}/laporan/penyusutan",
							"host": [
								"{{server}}"
							],
							"path": [
								"laporan",
								"penyusutan"
							]
						}
					},
					"response": []
				},
				{
					"name": "Export All Penyusutan",
					"protocolProfileBehavior": {
						"disableBodyPruning": true
					},
					"request": {
						"auth": {
							"type": "bearer",
							"bearer": [
								{
									"key": "token",
									"value": "{{token}}",
									"type": "string"
								}
							]
						},
						"method": "GET",
						"header": [
							{
								"key": "Content-Type",
								"name": "Content-Type",
								"type": "text",
								"value": "application/json"
							}
						],
						"body": {
							"mode": "raw",
							"raw": "{\n\t\"barang_type_id\": 1,\n\t\"date_from\": \"2019-06-23 02:37:42\",\n\t\"date_to\": \"2019-06-26\"\n}"
						},
						"url": {
							"raw": "{{server}}/laporan/penyusutan/excel",
							"host": [
								"{{server}}"
							],
							"path": [
								"laporan",
								"penyusutan",
								"excel"
							]
						}
					},
					"response": []
				}
			]
		},
		{
			"name": "Barang",
			"item": [
				{
					"name": "Add Barang",
					"request": {
						"auth": {
							"type": "bearer",
							"bearer": [
								{
									"key": "token",
									"value": "{{token}}",
									"type": "string"
								}
							]
						},
						"method": "POST",
						"header": [
							{
								"key": "Content-Type",
								"name": "Content-Type",
								"value": "application/json",
								"type": "text"
							}
						],
						"body": {
							"mode": "raw",
							"raw": "{\r\n    \"place_id\": 1,\r\n    \"artikel\": \"ART001\",\r\n    \"nama_barang\": \"Baju\",\r\n    \"size\": \"L\",\r\n    \"warna\": \"Merah\",\r\n    \"harga_normal\": 10000,\r\n    \"harga_ob\": 20000\r\n}"
						},
						"url": {
							"raw": "{{server}}/barang",
							"host": [
								"{{server}}"
							],
							"path": [
								"barang"
							]
						}
					},
					"response": []
				},
				{
					"name": "Get All Barang",
					"protocolProfileBehavior": {
						"disableBodyPruning": true
					},
					"request": {
						"auth": {
							"type": "bearer",
							"bearer": [
								{
									"key": "token",
									"value": "{{token}}",
									"type": "string"
								}
							]
						},
						"method": "GET",
						"header": [
							{
								"key": "Content-Type",
								"name": "Content-Type",
								"value": "application/json",
								"type": "text"
							}
						],
						"body": {
							"mode": "raw",
							"raw": "{\n\t\"place_id\": 1\n}"
						},
						"url": {
							"raw": "{{server}}/barang",
							"host": [
								"{{server}}"
							],
							"path": [
								"barang"
							]
						}
					},
					"response": []
				},
				{
					"name": "Get Barang Detail",
					"request": {
						"auth": {
							"type": "bearer",
							"bearer": [
								{
									"key": "token",
									"value": "{{token}}",
									"type": "string"
								}
							]
						},
						"method": "GET",
						"header": [],
						"body": {
							"mode": "raw",
							"raw": ""
						},
						"url": {
							"raw": "{{server}}/barang/2",
							"host": [
								"{{server}}"
							],
							"path": [
								"barang",
								"2"
							]
						}
					},
					"response": []
				},
				{
					"name": "Update Barang",
					"request": {
						"auth": {
							"type": "bearer",
							"bearer": [
								{
									"key": "token",
									"value": "{{token}}",
									"type": "string"
								}
							]
						},
						"method": "PUT",
						"header": [
							{
								"key": "Content-Type",
								"name": "Content-Type",
								"value": "application/json",
								"type": "text"
							}
						],
						"body": {
							"mode": "raw",
							"raw": "{\r\n    \"barang_id\": 1,\r\n    \"size\": \"L\",\r\n    \"warna\": \"Mderah\",\r\n    \"harga_normal\": 70000,\r\n    \"harga_ob\": 20000\r\n}"
						},
						"url": {
							"raw": "{{server}}/barang",
							"host": [
								"{{server}}"
							],
							"path": [
								"barang"
							]
						}
					},
					"response": []
				},
				{
					"name": "Delete Barang",
					"request": {
						"auth": {
							"type": "bearer",
							"bearer": [
								{
									"key": "token",
									"value": "{{token}}",
									"type": "string"
								}
							]
						},
						"method": "DELETE",
						"header": [
							{
								"key": "Content-Type",
								"name": "Content-Type",
								"value": "application/json",
								"type": "text"
							}
						],
						"body": {
							"mode": "raw",
							"raw": "{\n\t\"barang_id\": 1\n}"
						},
						"url": {
							"raw": "{{server}}/barang",
							"host": [
								"{{server}}"
							],
							"path": [
								"barang"
							]
						}
					},
					"response": []
				}
			]
		},
		{
			"name": "Dashboard",
			"item": [
				{
					"name": "Data Master",
					"protocolProfileBehavior": {
						"disableBodyPruning": true
					},
					"request": {
						"auth": {
							"type": "bearer",
							"bearer": [
								{
									"key": "token",
									"value": "{{token}}",
									"type": "string"
								}
							]
						},
						"method": "GET",
						"header": [],
						"body": {
							"mode": "raw",
							"raw": ""
						},
						"url": {
							"raw": "{{server}}/dashboard/data_master",
							"host": [
								"{{server}}"
							],
							"path": [
								"dashboard",
								"data_master"
							]
						}
					},
					"response": []
				},
				{
					"name": "Barang",
					"protocolProfileBehavior": {
						"disableBodyPruning": true
					},
					"request": {
						"auth": {
							"type": "bearer",
							"bearer": [
								{
									"key": "token",
									"value": "{{token}}",
									"type": "string"
								}
							]
						},
						"method": "GET",
						"header": [],
						"body": {
							"mode": "raw",
							"raw": ""
						},
						"url": {
							"raw": "{{server}}/dashboard/barang",
							"host": [
								"{{server}}"
							],
							"path": [
								"dashboard",
								"barang"
							]
						}
					},
					"response": []
				},
				{
					"name": "Penjualan",
					"protocolProfileBehavior": {
						"disableBodyPruning": true
					},
					"request": {
						"auth": {
							"type": "bearer",
							"bearer": [
								{
									"key": "token",
									"value": "{{token}}",
									"type": "string"
								}
							]
						},
						"method": "GET",
						"header": [],
						"body": {
							"mode": "raw",
							"raw": ""
						},
						"url": {
							"raw": "{{server}}/dashboard/penjualan",
							"host": [
								"{{server}}"
							],
							"path": [
								"dashboard",
								"penjualan"
							]
						}
					},
					"response": []
				}
			]
		}
	]
}